fiber_tertile,n,beta_lead
Low,1329,-0.24455048048904413
Medium,1328,-0.26596095679351334
High,1328,-0.14154409852188707
